{"cameraMode":{"drawMode":0,"name":"Shaded","section":"Shading Mode"},"sceneLighting":true,"audioPlay":false,"sceneViewState":{"showFog":true,"showMaterialUpdate":false,"showSkybox":true,"showFlares":true,"showImageEffects":true,"showParticleSystems":true},"in2DMode":false,"pivot":{"x":-1.2993640899658204,"y":193.63653564453126,"z":6.359609603881836},"rotation":{"x":0.7141342163085938,"y":-0.07806126773357392,"z":0.08068075776100159,"w":0.6909481883049011},"size":0.17076376080513,"orthographic":true}